COUNTY CODE,COUNTY,AGE GROUP,GENDER,REGISTRED VOTERS
1,MOMBASA,18 TO 24 YRS,FEMALE,45611
1,MOMBASA,18 T0 24 YRS,MALE,55559
1,MOMBASA,25 TO 35 YRS,FEMALE,106191
1,MOMBASA,25 TO 35 YRS,MALE,122558
1,MOMBASA,36 TO 45 YRS,FEMALE,56429
1,MOMBASA,36 TO 45 YRS,MALE,78524
1,MOMBASA,46 TO 55 YRS,FEMALE,25763
1,MOMBASA,46  TO 55 YRS,MALE,21144
1,MOMBASA,OVER 55 YRS,FEMALE,40708
1,MOMBASA,OVER 55 YRS,MALE,27736
2,KWALE,18 TO 24 YRS,FEMALE,20525
2,KWALE,18 T0 24 YRS,MALE,21779
2,KWALE,25 TO 35 YRS,FEMALE,50245
2,KWALE,25 TO 35 YRS,MALE,41649
2,KWALE,36 TO 45 YRS,FEMALE,31726
2,KWALE,36 TO 45 YRS,MALE,28671
2,KWALE,46 TO 55 YRS,FEMALE,14553
2,KWALE,46  TO 55 YRS,MALE,28827
2,KWALE,OVER 55 YRS,FEMALE,17814
2,KWALE,OVER 55 YRS,MALE,25252
3,KILIFI,18 TO 24 YRS,FEMALE,39899
3,KILIFI,18 T0 24 YRS,MALE,46112
3,KILIFI,25 TO 35 YRS,FEMALE,91062
3,KILIFI,25 TO 35 YRS,MALE,76045
3,KILIFI,36 TO 45 YRS,FEMALE,52858
3,KILIFI,36 TO 45 YRS,MALE,48128
3,KILIFI,46 TO 55 YRS,FEMALE,30095
3,KILIFI,46  TO 55 YRS,MALE,54172
3,KILIFI,OVER 55 YRS,FEMALE,30556
3,KILIFI,OVER 55 YRS,MALE,39141
4,TANA RIVER,18 TO 24 YRS,FEMALE,11957
4,TANA RIVER,18 T0 24 YRS,MALE,11354
4,TANA RIVER,25 TO 35 YRS,FEMALE,20302
4,TANA RIVER,25 TO 35 YRS,MALE,18077
4,TANA RIVER,36 TO 45 YRS,FEMALE,10830
4,TANA RIVER,36 TO 45 YRS,MALE,11068
4,TANA RIVER,46 TO 55 YRS,FEMALE,6637
4,TANA RIVER,46  TO 55 YRS,MALE,10625
4,TANA RIVER,OVER 55 YRS,FEMALE,6933
4,TANA RIVER,OVER 55 YRS,MALE,10544
5,LAMU,18 TO 24 YRS,FEMALE,5236
5,LAMU,18 T0 24 YRS,MALE,6636
5,LAMU,25 TO 35 YRS,FEMALE,10379
5,LAMU,25 TO 35 YRS,MALE,11692
5,LAMU,36 TO 45 YRS,FEMALE,6631
5,LAMU,36 TO 45 YRS,MALE,7771
5,LAMU,46 TO 55 YRS,FEMALE,4121
5,LAMU,46  TO 55 YRS,MALE,5898
5,LAMU,OVER 55 YRS,FEMALE,4855
5,LAMU,OVER 55 YRS,MALE,6557
6,TAITA TAVETA,18 TO 24 YRS,FEMALE,9571
6,TAITA TAVETA,18 T0 24 YRS,MALE,12525
6,TAITA TAVETA,25 TO 35 YRS,FEMALE,21431
6,TAITA TAVETA,25 TO 35 YRS,MALE,24539
6,TAITA TAVETA,36 TO 45 YRS,FEMALE,15223
6,TAITA TAVETA,36 TO 45 YRS,MALE,16969
6,TAITA TAVETA,46 TO 55 YRS,FEMALE,11115
6,TAITA TAVETA,46  TO 55 YRS,MALE,17089
6,TAITA TAVETA,OVER 55 YRS,FEMALE,11870
6,TAITA TAVETA,OVER 55 YRS,MALE,15384
7,GARISSA,18 TO 24 YRS,FEMALE,17183
7,GARISSA,18 T0 24 YRS,MALE,19375
7,GARISSA,25 TO 35 YRS,FEMALE,27636
7,GARISSA,25 TO 35 YRS,MALE,30175
7,GARISSA,36 TO 45 YRS,FEMALE,14682
7,GARISSA,36 TO 45 YRS,MALE,15954
7,GARISSA,46 TO 55 YRS,FEMALE,7505
7,GARISSA,46  TO 55 YRS,MALE,10353
7,GARISSA,OVER 55 YRS,FEMALE,8434
7,GARISSA,OVER 55 YRS,MALE,12053
8,WAJIR,18 TO 24 YRS,FEMALE,15216
8,WAJIR,18 T0 24 YRS,MALE,17128
8,WAJIR,25 TO 35 YRS,FEMALE,29969
8,WAJIR,25 TO 35 YRS,MALE,31609
8,WAJIR,36 TO 45 YRS,FEMALE,13243
8,WAJIR,36 TO 45 YRS,MALE,14446
8,WAJIR,46 TO 55 YRS,FEMALE,7359
8,WAJIR,46  TO 55 YRS,MALE,11590
8,WAJIR,OVER 55 YRS,FEMALE,8496
8,WAJIR,OVER 55 YRS,MALE,13846
9,MANDERA,18 TO 24 YRS,FEMALE,20398
9,MANDERA,18 T0 24 YRS,MALE,22520
9,MANDERA,25 TO 35 YRS,FEMALE,31770
9,MANDERA,25 TO 35 YRS,MALE,31841
9,MANDERA,36 TO 45 YRS,FEMALE,14278
9,MANDERA,36 TO 45 YRS,MALE,15938
9,MANDERA,46 TO 55 YRS,FEMALE,6921
9,MANDERA,46  TO 55 YRS,MALE,11940
9,MANDERA,OVER 55 YRS,FEMALE,7489
9,MANDERA,OVER 55 YRS,MALE,12547
10,MARSABIT,18 TO 24 YRS,FEMALE,12060
10,MARSABIT,18 T0 24 YRS,MALE,13030
10,MARSABIT,25 TO 35 YRS,FEMALE,25041
10,MARSABIT,25 TO 35 YRS,MALE,25715
10,MARSABIT,36 TO 45 YRS,FEMALE,11384
10,MARSABIT,36 TO 45 YRS,MALE,12743
10,MARSABIT,46 TO 55 YRS,FEMALE,7872
10,MARSABIT,46  TO 55 YRS,MALE,13208
10,MARSABIT,OVER 55 YRS,FEMALE,7961
10,MARSABIT,OVER 55 YRS,MALE,12694
11,ISIOLO,18 TO 24 YRS,FEMALE,5537
11,ISIOLO,18 T0 24 YRS,MALE,6314
11,ISIOLO,25 TO 35 YRS,FEMALE,13397
11,ISIOLO,25 TO 35 YRS,MALE,13590
11,ISIOLO,36 TO 45 YRS,FEMALE,6620
11,ISIOLO,36 TO 45 YRS,MALE,7312
11,ISIOLO,46 TO 55 YRS,FEMALE,4137
11,ISIOLO,46  TO 55 YRS,MALE,7264
11,ISIOLO,OVER 55 YRS,FEMALE,4114
11,ISIOLO,OVER 55 YRS,MALE,7053
12,MERU,18 TO 24 YRS,FEMALE,50389
12,MERU,18 T0 24 YRS,MALE,59187
12,MERU,25 TO 35 YRS,FEMALE,108089
12,MERU,25 TO 35 YRS,MALE,106782
12,MERU,36 TO 45 YRS,FEMALE,70920
12,MERU,36 TO 45 YRS,MALE,77158
12,MERU,46 TO 55 YRS,FEMALE,44378
12,MERU,46  TO 55 YRS,MALE,72992
12,MERU,OVER 55 YRS,FEMALE,46682
12,MERU,OVER 55 YRS,MALE,65903
13,THARAKA - NITHI,18 TO 24 YRS,FEMALE,15270
13,THARAKA - NITHI,18 T0 24 YRS,MALE,17932
13,THARAKA - NITHI,25 TO 35 YRS,FEMALE,30851
13,THARAKA - NITHI,25 TO 35 YRS,MALE,30056
13,THARAKA - NITHI,36 TO 45 YRS,FEMALE,21026
13,THARAKA - NITHI,36 TO 45 YRS,MALE,21515
13,THARAKA - NITHI,46 TO 55 YRS,FEMALE,14137
13,THARAKA - NITHI,46  TO 55 YRS,MALE,25070
13,THARAKA - NITHI,OVER 55 YRS,FEMALE,14831
13,THARAKA - NITHI,OVER 55 YRS,MALE,22466
14,EMBU,18 TO 24 YRS,FEMALE,20590
14,EMBU,18 T0 24 YRS,MALE,25200
14,EMBU,25 TO 35 YRS,FEMALE,44577
14,EMBU,25 TO 35 YRS,MALE,45741
14,EMBU,36 TO 45 YRS,FEMALE,31506
14,EMBU,36 TO 45 YRS,MALE,33012
14,EMBU,46 TO 55 YRS,FEMALE,23612
14,EMBU,46  TO 55 YRS,MALE,33556
14,EMBU,OVER 55 YRS,FEMALE,23084
14,EMBU,OVER 55 YRS,MALE,28590
15,KITUI,18 TO 24 YRS,FEMALE,29313
15,KITUI,18 T0 24 YRS,MALE,40179
15,KITUI,25 TO 35 YRS,FEMALE,70564
15,KITUI,25 TO 35 YRS,MALE,59575
15,KITUI,36 TO 45 YRS,FEMALE,52427
15,KITUI,36 TO 45 YRS,MALE,45249
15,KITUI,46 TO 55 YRS,FEMALE,34275
15,KITUI,46  TO 55 YRS,MALE,63634
15,KITUI,OVER 55 YRS,FEMALE,30923
15,KITUI,OVER 55 YRS,MALE,48373
16,MACHAKOS,18 TO 24 YRS,FEMALE,36997
16,MACHAKOS,18 T0 24 YRS,MALE,51327
16,MACHAKOS,25 TO 35 YRS,FEMALE,89441
16,MACHAKOS,25 TO 35 YRS,MALE,98435
16,MACHAKOS,36 TO 45 YRS,FEMALE,63354
16,MACHAKOS,36 TO 45 YRS,MALE,67664
16,MACHAKOS,46 TO 55 YRS,FEMALE,41266
16,MACHAKOS,46  TO 55 YRS,MALE,70541
16,MACHAKOS,OVER 55 YRS,FEMALE,42155
16,MACHAKOS,OVER 55 YRS,MALE,59074
17,MAKUENI,18 TO 24 YRS,FEMALE,21838
17,MAKUENI,18 T0 24 YRS,MALE,35465
17,MAKUENI,25 TO 35 YRS,FEMALE,56853
17,MAKUENI,25 TO 35 YRS,MALE,58826
17,MAKUENI,36 TO 45 YRS,FEMALE,45272
17,MAKUENI,36 TO 45 YRS,MALE,42236
17,MAKUENI,46 TO 55 YRS,FEMALE,30794
17,MAKUENI,46  TO 55 YRS,MALE,57191
17,MAKUENI,OVER 55 YRS,FEMALE,28729
17,MAKUENI,OVER 55 YRS,MALE,46106
18,NYANDARUA,18 TO 24 YRS,FEMALE,25258
18,NYANDARUA,18 T0 24 YRS,MALE,31603
18,NYANDARUA,25 TO 35 YRS,FEMALE,47907
18,NYANDARUA,25 TO 35 YRS,MALE,46172
18,NYANDARUA,36 TO 45 YRS,FEMALE,34906
18,NYANDARUA,36 TO 45 YRS,MALE,33570
18,NYANDARUA,46 TO 55 YRS,FEMALE,26478
18,NYANDARUA,46  TO 55 YRS,MALE,34906
18,NYANDARUA,OVER 55 YRS,FEMALE,25129
18,NYANDARUA,OVER 55 YRS,MALE,29705
19,NYERI,18 TO 24 YRS,FEMALE,31358
19,NYERI,18 T0 24 YRS,MALE,36158
19,NYERI,25 TO 35 YRS,FEMALE,59955
19,NYERI,25 TO 35 YRS,MALE,60557
19,NYERI,36 TO 45 YRS,FEMALE,46106
19,NYERI,36 TO 45 YRS,MALE,45622
19,NYERI,46 TO 55 YRS,FEMALE,37789
19,NYERI,46  TO 55 YRS,MALE,55992
19,NYERI,OVER 55 YRS,FEMALE,36244
19,NYERI,OVER 55 YRS,MALE,47168
20,KIRINYAGA,18 TO 24 YRS,FEMALE,21192
20,KIRINYAGA,18 T0 24 YRS,MALE,24531
20,KIRINYAGA,25 TO 35 YRS,FEMALE,49707
20,KIRINYAGA,25 TO 35 YRS,MALE,50554
20,KIRINYAGA,36 TO 45 YRS,FEMALE,39653
20,KIRINYAGA,36 TO 45 YRS,MALE,40667
20,KIRINYAGA,46 TO 55 YRS,FEMALE,26930
20,KIRINYAGA,46  TO 55 YRS,MALE,36709
20,KIRINYAGA,OVER 55 YRS,FEMALE,28294
20,KIRINYAGA,OVER 55 YRS,MALE,31599
21,MURANG'A,18 TO 24 YRS,FEMALE,39267
21,MURANG'A,18 T0 24 YRS,MALE,48341
21,MURANG'A,25 TO 35 YRS,FEMALE,73056
21,MURANG'A,25 TO 35 YRS,MALE,76046
21,MURANG'A,36 TO 45 YRS,FEMALE,58931
21,MURANG'A,36 TO 45 YRS,MALE,58943
21,MURANG'A,46 TO 55 YRS,FEMALE,44004
21,MURANG'A,46  TO 55 YRS,MALE,80594
21,MURANG'A,OVER 55 YRS,FEMALE,42043
21,MURANG'A,OVER 55 YRS,MALE,65901
22,KIAMBU,18 TO 24 YRS,FEMALE,108396
22,KIAMBU,18 T0 24 YRS,MALE,109361
22,KIAMBU,25 TO 35 YRS,FEMALE,204182
22,KIAMBU,25 TO 35 YRS,MALE,195833
22,KIAMBU,36 TO 45 YRS,FEMALE,126216
22,KIAMBU,36 TO 45 YRS,MALE,128357
22,KIAMBU,46 TO 55 YRS,FEMALE,72896
22,KIAMBU,46  TO 55 YRS,MALE,83595
22,KIAMBU,OVER 55 YRS,FEMALE,76530
22,KIAMBU,OVER 55 YRS,MALE,75554
23,TURKANA,18 TO 24 YRS,FEMALE,13583
23,TURKANA,18 T0 24 YRS,MALE,11764
23,TURKANA,25 TO 35 YRS,FEMALE,35421
23,TURKANA,25 TO 35 YRS,MALE,26536
23,TURKANA,36 TO 45 YRS,FEMALE,22757
23,TURKANA,36 TO 45 YRS,MALE,17457
23,TURKANA,46 TO 55 YRS,FEMALE,12762
23,TURKANA,46  TO 55 YRS,MALE,25632
23,TURKANA,OVER 55 YRS,FEMALE,9416
23,TURKANA,OVER 55 YRS,MALE,16107
24,WEST POKOT,18 TO 24 YRS,FEMALE,15986
24,WEST POKOT,18 T0 24 YRS,MALE,17961
24,WEST POKOT,25 TO 35 YRS,FEMALE,33391
24,WEST POKOT,25 TO 35 YRS,MALE,30475
24,WEST POKOT,36 TO 45 YRS,FEMALE,17234
24,WEST POKOT,36 TO 45 YRS,MALE,16451
24,WEST POKOT,46 TO 55 YRS,FEMALE,10607
24,WEST POKOT,46  TO 55 YRS,MALE,15701
24,WEST POKOT,OVER 55 YRS,FEMALE,9537
24,WEST POKOT,OVER 55 YRS,MALE,12889
25,SAMBURU,18 TO 24 YRS,FEMALE,8453
25,SAMBURU,18 T0 24 YRS,MALE,6532
25,SAMBURU,25 TO 35 YRS,FEMALE,15679
25,SAMBURU,25 TO 35 YRS,MALE,12186
25,SAMBURU,36 TO 45 YRS,FEMALE,7702
25,SAMBURU,36 TO 45 YRS,MALE,7723
25,SAMBURU,46 TO 55 YRS,FEMALE,4807
25,SAMBURU,46  TO 55 YRS,MALE,8434
25,SAMBURU,OVER 55 YRS,FEMALE,3973
25,SAMBURU,OVER 55 YRS,MALE,7298
26,TRANS NZOIA,18 TO 24 YRS,FEMALE,23536
26,TRANS NZOIA,18 T0 24 YRS,MALE,30456
26,TRANS NZOIA,25 TO 35 YRS,FEMALE,53713
26,TRANS NZOIA,25 TO 35 YRS,MALE,58023
26,TRANS NZOIA,36 TO 45 YRS,FEMALE,32945
26,TRANS NZOIA,36 TO 45 YRS,MALE,36435
26,TRANS NZOIA,46 TO 55 YRS,FEMALE,22410
26,TRANS NZOIA,46  TO 55 YRS,MALE,29755
26,TRANS NZOIA,OVER 55 YRS,FEMALE,22218
26,TRANS NZOIA,OVER 55 YRS,MALE,30131
27,UASIN GISHU,18 TO 24 YRS,FEMALE,37685
27,UASIN GISHU,18 T0 24 YRS,MALE,46761
27,UASIN GISHU,25 TO 35 YRS,FEMALE,77951
27,UASIN GISHU,25 TO 35 YRS,MALE,80469
27,UASIN GISHU,36 TO 45 YRS,FEMALE,44165
27,UASIN GISHU,36 TO 45 YRS,MALE,49698
27,UASIN GISHU,46 TO 55 YRS,FEMALE,25298
27,UASIN GISHU,46  TO 55 YRS,MALE,30799
27,UASIN GISHU,OVER 55 YRS,FEMALE,27004
27,UASIN GISHU,OVER 55 YRS,MALE,30225
28,ELGEYO/MARAKWET,18 TO 24 YRS,FEMALE,15316
28,ELGEYO/MARAKWET,18 T0 24 YRS,MALE,19391
28,ELGEYO/MARAKWET,25 TO 35 YRS,FEMALE,29140
28,ELGEYO/MARAKWET,25 TO 35 YRS,MALE,29508
28,ELGEYO/MARAKWET,36 TO 45 YRS,FEMALE,16596
28,ELGEYO/MARAKWET,36 TO 45 YRS,MALE,17943
28,ELGEYO/MARAKWET,46 TO 55 YRS,FEMALE,9968
28,ELGEYO/MARAKWET,46  TO 55 YRS,MALE,17464
28,ELGEYO/MARAKWET,OVER 55 YRS,FEMALE,9394
28,ELGEYO/MARAKWET,OVER 55 YRS,MALE,15944
29,NANDI,18 TO 24 YRS,FEMALE,26693
29,NANDI,18 T0 24 YRS,MALE,34093
29,NANDI,25 TO 35 YRS,FEMALE,57590
29,NANDI,25 TO 35 YRS,MALE,58469
29,NANDI,36 TO 45 YRS,FEMALE,31788
29,NANDI,36 TO 45 YRS,MALE,35423
29,NANDI,46 TO 55 YRS,FEMALE,20819
29,NANDI,46  TO 55 YRS,MALE,30715
29,NANDI,OVER 55 YRS,FEMALE,20623
29,NANDI,OVER 55 YRS,MALE,29794
30,BARINGO,18 TO 24 YRS,FEMALE,21232
30,BARINGO,18 T0 24 YRS,MALE,25997
30,BARINGO,25 TO 35 YRS,FEMALE,36661
30,BARINGO,25 TO 35 YRS,MALE,35794
30,BARINGO,36 TO 45 YRS,FEMALE,21016
30,BARINGO,36 TO 45 YRS,MALE,20839
30,BARINGO,46 TO 55 YRS,FEMALE,14134
30,BARINGO,46  TO 55 YRS,MALE,23396
30,BARINGO,OVER 55 YRS,FEMALE,12253
30,BARINGO,OVER 55 YRS,MALE,20936
31,LAIKIPIA,18 TO 24 YRS,FEMALE,18572
31,LAIKIPIA,18 T0 24 YRS,MALE,20752
31,LAIKIPIA,25 TO 35 YRS,FEMALE,38094
31,LAIKIPIA,25 TO 35 YRS,MALE,39905
31,LAIKIPIA,36 TO 45 YRS,FEMALE,23743
31,LAIKIPIA,36 TO 45 YRS,MALE,26664
31,LAIKIPIA,46 TO 55 YRS,FEMALE,17149
31,LAIKIPIA,46  TO 55 YRS,MALE,22876
31,LAIKIPIA,OVER 55 YRS,FEMALE,17697
31,LAIKIPIA,OVER 55 YRS,MALE,21035
32,NAKURU,18 TO 24 YRS,FEMALE,81302
32,NAKURU,18 T0 24 YRS,MALE,94870
32,NAKURU,25 TO 35 YRS,FEMALE,164534
32,NAKURU,25 TO 35 YRS,MALE,162824
32,NAKURU,36 TO 45 YRS,FEMALE,91101
32,NAKURU,36 TO 45 YRS,MALE,102236
32,NAKURU,46 TO 55 YRS,FEMALE,58107
32,NAKURU,46  TO 55 YRS,MALE,68306
32,NAKURU,OVER 55 YRS,FEMALE,60928
32,NAKURU,OVER 55 YRS,MALE,65410
33,NAROK,18 TO 24 YRS,FEMALE,24687
33,NAROK,18 T0 24 YRS,MALE,31978
33,NAROK,25 TO 35 YRS,FEMALE,64521
33,NAROK,25 TO 35 YRS,MALE,63575
33,NAROK,36 TO 45 YRS,FEMALE,32655
33,NAROK,36 TO 45 YRS,MALE,36067
33,NAROK,46 TO 55 YRS,FEMALE,19508
33,NAROK,46  TO 55 YRS,MALE,24952
33,NAROK,OVER 55 YRS,FEMALE,20043
33,NAROK,OVER 55 YRS,MALE,23744
34,KAJIADO,18 TO 24 YRS,FEMALE,31511
34,KAJIADO,18 T0 24 YRS,MALE,35699
34,KAJIADO,25 TO 35 YRS,FEMALE,80320
34,KAJIADO,25 TO 35 YRS,MALE,84240
34,KAJIADO,36 TO 45 YRS,FEMALE,41064
34,KAJIADO,36 TO 45 YRS,MALE,46956
34,KAJIADO,46 TO 55 YRS,FEMALE,22424
34,KAJIADO,46  TO 55 YRS,MALE,21449
34,KAJIADO,OVER 55 YRS,FEMALE,25806
34,KAJIADO,OVER 55 YRS,MALE,21724
35,KERICHO,18 TO 24 YRS,FEMALE,32781
35,KERICHO,18 T0 24 YRS,MALE,38654
35,KERICHO,25 TO 35 YRS,FEMALE,63254
35,KERICHO,25 TO 35 YRS,MALE,64055
35,KERICHO,36 TO 45 YRS,FEMALE,34118
35,KERICHO,36 TO 45 YRS,MALE,40263
35,KERICHO,46 TO 55 YRS,FEMALE,20008
35,KERICHO,46  TO 55 YRS,MALE,31779
35,KERICHO,OVER 55 YRS,FEMALE,20376
35,KERICHO,OVER 55 YRS,MALE,30380
36,BOMET,18 TO 24 YRS,FEMALE,25415
36,BOMET,18 T0 24 YRS,MALE,32602
36,BOMET,25 TO 35 YRS,FEMALE,54501
36,BOMET,25 TO 35 YRS,MALE,53890
36,BOMET,36 TO 45 YRS,FEMALE,30441
36,BOMET,36 TO 45 YRS,MALE,34514
36,BOMET,46 TO 55 YRS,FEMALE,17330
36,BOMET,46  TO 55 YRS,MALE,30497
36,BOMET,OVER 55 YRS,FEMALE,16401
36,BOMET,OVER 55 YRS,MALE,26421
37,KAKAMEGA,18 TO 24 YRS,FEMALE,51522
37,KAKAMEGA,18 T0 24 YRS,MALE,63788
37,KAKAMEGA,25 TO 35 YRS,FEMALE,120700
37,KAKAMEGA,25 TO 35 YRS,MALE,112354
37,KAKAMEGA,36 TO 45 YRS,FEMALE,70431
37,KAKAMEGA,36 TO 45 YRS,MALE,71156
37,KAKAMEGA,46 TO 55 YRS,FEMALE,52409
37,KAKAMEGA,46  TO 55 YRS,MALE,83264
37,KAKAMEGA,OVER 55 YRS,FEMALE,46932
37,KAKAMEGA,OVER 55 YRS,MALE,71180
38,VIHIGA,18 TO 24 YRS,FEMALE,18635
38,VIHIGA,18 T0 24 YRS,MALE,22178
38,VIHIGA,25 TO 35 YRS,FEMALE,38019
38,VIHIGA,25 TO 35 YRS,MALE,33339
38,VIHIGA,36 TO 45 YRS,FEMALE,24736
38,VIHIGA,36 TO 45 YRS,MALE,22439
38,VIHIGA,46 TO 55 YRS,FEMALE,19832
38,VIHIGA,46  TO 55 YRS,MALE,42467
38,VIHIGA,OVER 55 YRS,FEMALE,16441
38,VIHIGA,OVER 55 YRS,MALE,34323
39,BUNGOMA,18 TO 24 YRS,FEMALE,43724
39,BUNGOMA,18 T0 24 YRS,MALE,54726
39,BUNGOMA,25 TO 35 YRS,FEMALE,90474
39,BUNGOMA,25 TO 35 YRS,MALE,91265
39,BUNGOMA,36 TO 45 YRS,FEMALE,49460
39,BUNGOMA,36 TO 45 YRS,MALE,54480
39,BUNGOMA,46 TO 55 YRS,FEMALE,36276
39,BUNGOMA,46  TO 55 YRS,MALE,55900
39,BUNGOMA,OVER 55 YRS,FEMALE,33810
39,BUNGOMA,OVER 55 YRS,MALE,49735
40,BUSIA,18 TO 24 YRS,FEMALE,28833
40,BUSIA,18 T0 24 YRS,MALE,34566
40,BUSIA,25 TO 35 YRS,FEMALE,57767
40,BUSIA,25 TO 35 YRS,MALE,53020
40,BUSIA,36 TO 45 YRS,FEMALE,30012
40,BUSIA,36 TO 45 YRS,MALE,31003
40,BUSIA,46 TO 55 YRS,FEMALE,24234
40,BUSIA,46  TO 55 YRS,MALE,39831
40,BUSIA,OVER 55 YRS,FEMALE,20531
40,BUSIA,OVER 55 YRS,MALE,31251
41,SIAYA,18 TO 24 YRS,FEMALE,42669
41,SIAYA,18 T0 24 YRS,MALE,45609
41,SIAYA,25 TO 35 YRS,FEMALE,73285
41,SIAYA,25 TO 35 YRS,MALE,63615
41,SIAYA,36 TO 45 YRS,FEMALE,37266
41,SIAYA,36 TO 45 YRS,MALE,36977
41,SIAYA,46 TO 55 YRS,FEMALE,28405
41,SIAYA,46  TO 55 YRS,MALE,65581
41,SIAYA,OVER 55 YRS,FEMALE,21668
41,SIAYA,OVER 55 YRS,MALE,42878
42,KISUMU,18 TO 24 YRS,FEMALE,55472
42,KISUMU,18 T0 24 YRS,MALE,59540
42,KISUMU,25 TO 35 YRS,FEMALE,97486
42,KISUMU,25 TO 35 YRS,MALE,90458
42,KISUMU,36 TO 45 YRS,FEMALE,43596
42,KISUMU,36 TO 45 YRS,MALE,50771
42,KISUMU,46 TO 55 YRS,FEMALE,27559
42,KISUMU,46  TO 55 YRS,MALE,49870
42,KISUMU,OVER 55 YRS,FEMALE,25436
42,KISUMU,OVER 55 YRS,MALE,39022
43,HOMA BAY,18 TO 24 YRS,FEMALE,50775
43,HOMA BAY,18 T0 24 YRS,MALE,55728
43,HOMA BAY,25 TO 35 YRS,FEMALE,82375
43,HOMA BAY,25 TO 35 YRS,MALE,67062
43,HOMA BAY,36 TO 45 YRS,FEMALE,41486
43,HOMA BAY,36 TO 45 YRS,MALE,39775
43,HOMA BAY,46 TO 55 YRS,FEMALE,26389
43,HOMA BAY,46  TO 55 YRS,MALE,54221
43,HOMA BAY,OVER 55 YRS,FEMALE,20893
43,HOMA BAY,OVER 55 YRS,MALE,38171
44,MIGORI,18 TO 24 YRS,FEMALE,35498
44,MIGORI,18 T0 24 YRS,MALE,41269
44,MIGORI,25 TO 35 YRS,FEMALE,70395
44,MIGORI,25 TO 35 YRS,MALE,62851
44,MIGORI,36 TO 45 YRS,FEMALE,34116
44,MIGORI,36 TO 45 YRS,MALE,35083
44,MIGORI,46 TO 55 YRS,FEMALE,22687
44,MIGORI,46  TO 55 YRS,MALE,39019
44,MIGORI,OVER 55 YRS,FEMALE,19056
44,MIGORI,OVER 55 YRS,MALE,28659
45,KISII,18 TO 24 YRS,FEMALE,39656
45,KISII,18 T0 24 YRS,MALE,49611
45,KISII,25 TO 35 YRS,FEMALE,95375
45,KISII,25 TO 35 YRS,MALE,85496
45,KISII,36 TO 45 YRS,FEMALE,51042
45,KISII,36 TO 45 YRS,MALE,53276
45,KISII,46 TO 55 YRS,FEMALE,30055
45,KISII,46  TO 55 YRS,MALE,59226
45,KISII,OVER 55 YRS,FEMALE,31729
45,KISII,OVER 55 YRS,MALE,51114
46,NYAMIRA,18 TO 24 YRS,FEMALE,18055
46,NYAMIRA,18 T0 24 YRS,MALE,22916
46,NYAMIRA,25 TO 35 YRS,FEMALE,48722
46,NYAMIRA,25 TO 35 YRS,MALE,42884
46,NYAMIRA,36 TO 45 YRS,FEMALE,27006
46,NYAMIRA,36 TO 45 YRS,MALE,28128
46,NYAMIRA,46 TO 55 YRS,FEMALE,15788
46,NYAMIRA,46  TO 55 YRS,MALE,29636
46,NYAMIRA,OVER 55 YRS,FEMALE,17856
46,NYAMIRA,OVER 55 YRS,MALE,27862
47,NAIROBI CITY,18 TO 24 YRS,FEMALE,186285
47,NAIROBI CITY,18 T0 24 YRS,MALE,206560
47,NAIROBI CITY,25 TO 35 YRS,FEMALE,448310
47,NAIROBI CITY,25 TO 35 YRS,MALE,510677
47,NAIROBI CITY,36 TO 45 YRS,FEMALE,219936
47,NAIROBI CITY,36 TO 45 YRS,MALE,296091
47,NAIROBI CITY,46 TO 55 YRS,FEMALE,96651
47,NAIROBI CITY,46  TO 55 YRS,MALE,56426
47,NAIROBI CITY,OVER 55 YRS,FEMALE,145189
47,NAIROBI CITY,OVER 55 YRS,MALE,84728
48,DIASPORA,18 TO 24 YRS,FEMALE,88
48,DIASPORA,18 T0 24 YRS,MALE,96
48,DIASPORA,25 TO 35 YRS,FEMALE,606
48,DIASPORA,25 TO 35 YRS,MALE,891
48,DIASPORA,36 TO 45 YRS,FEMALE,596
48,DIASPORA,36 TO 45 YRS,MALE,1044
48,DIASPORA,46 TO 55 YRS,FEMALE,270
48,DIASPORA,46  TO 55 YRS,MALE,63
48,DIASPORA,OVER 55 YRS,FEMALE,561
48,DIASPORA,OVER 55 YRS,MALE,178
49,PRISONS,18 TO 24 YRS,FEMALE,31
49,PRISONS,18 T0 24 YRS,MALE,488
49,PRISONS,25 TO 35 YRS,FEMALE,137
49,PRISONS,25 TO 35 YRS,MALE,2104
49,PRISONS,36 TO 45 YRS,FEMALE,76
49,PRISONS,36 TO 45 YRS,MALE,1583
49,PRISONS,46 TO 55 YRS,FEMALE,44
49,PRISONS,46  TO 55 YRS,MALE,24
49,PRISONS,OVER 55 YRS,FEMALE,676
49,PRISONS,OVER 55 YRS,MALE,365
